{
  "episode_rewards": [
    378.540000000003,
    2818.980000000012,
    25.360000000000003,
    493.7200000000023,
    1184.5200000000207
  ],
  "episode_scores": [
    30534,
    255348,
    1426,
    46152,
    82172
  ],
  "episode_lengths": [
    394,
    1999,
    20,
    239,
    1999
  ],
  "loss_history": [],
  "final_epsilon": 0.032536444083941914,
  "total_episodes": 5
}